"Id","Name"
"001Ov00000ivKqKIAU","Sample Account for Entitlements"
"001Ov00000jAUuEIAW","Amy's Bird Sanctuary"
"001Ov00000jAUuFIAW","Bill's Windsurf Shop"
"001Ov00000jAUuGIAW","Cool Cars"
"001Ov00000jAUuHIAW","Diego Rodriguez"
"001Ov00000jAUuIIAW","Dukes Basketball Camp"
"001Ov00000jAUuJIAW","Dylan Sollfrank"
"001Ov00000jAUuKIAW","Freeman Sporting Goods"
"001Ov00000jAUuLIAW","Freeman Sporting Goods:0969 Ocean View Road"
"001Ov00000jAUuMIAW","Freeman Sporting Goods:55 Twin Lane"
"001Ov00000jAUuNIAW","Geeta Kalapatapu"
"001Ov00000jAUuOIAW","Gevelber Photography"
"001Ov00000jAUuPIAW","Jeff's Jalopies"
"001Ov00000jAUuQIAW","John Melton"
"001Ov00000jAUuRIAW","Kate Whelan"
"001Ov00000jAUuSIAW","Kookies by Kathy"
"001Ov00000jAUuTIAW","Mark Cho"
"001Ov00000jAUuUIAW","Paulsen Medical Supplies"
"001Ov00000jAUuVIAW","Pye's Cakes"
"001Ov00000jAUuWIAW","Rago Travel Agency"
"001Ov00000jAUuXIAW","Red Rock Diner"
"001Ov00000jAUuYIAW","Rondonuwu Fruit and Vegi"
"001Ov00000jAUuZIAW","Shara Barnett"
"001Ov00000jAUuaIAG","Shara Barnett:Barnett Design"
"001Ov00000jAUubIAG","Sonnenschein Family Store"
"001Ov00000jAUucIAG","Sushi by Katsuyuki"
"001Ov00000jAUudIAG","Travis Waldron"
"001Ov00000jAUueIAG","Video Games by Dan"
"001Ov00000jAUufIAG","Wedding Planning by Whitney"
"001Ov00000jAUugIAG","Weiskopf Consulting"
